train/learning_rate,time/time_elapsed,train/policy_loss,train/entropy_loss,rollout/ep_len_mean,time/total_timesteps,train/value_loss,train/explained_variance,rollout/ep_rew_mean,train/n_updates,time/iterations,time/fps
0.0001,8,10272.572265625,-16.430177688598633,95.0,990,389944.96875,-0.0005555152893066406,2047.0803270999997,98,99,110
0.0001,18,1152.7989501953125,-16.417774200439453,95.0,1980,7624.4091796875,-6.282329559326172e-05,2027.7234377500001,197,198,109
0.0001,27,11.31151008605957,-16.448162078857422,95.0,2970,21.107189178466797,-0.013797640800476074,2030.8732524516129,296,297,108
0.0001,36,-2194.3369140625,-16.42890167236328,95.0,3960,19321.16015625,-1.0967254638671875e-05,2034.1719679268294,395,396,108
0.0001,45,-49.3607063293457,-16.413301467895508,95.0,4950,70.08228302001953,-0.0005713701248168945,2050.552233980769,494,495,108
0.0001,54,5108.396484375,-16.421955108642578,95.0,5940,123122.046875,-5.2928924560546875e-05,2053.668680483871,593,594,109
0.0001,63,2864.89794921875,-16.40738296508789,95.0,6930,36896.15625,5.9723854064941406e-05,2059.4730984861108,692,693,109
0.0001,72,25.54605484008789,-16.43074607849121,95.0,7920,13.543527603149414,-0.0019508600234985352,2065.1319181204817,791,792,109
0.0001,81,1500.92724609375,-16.44228744506836,95.0,8910,15354.857421875,-9.775161743164062e-06,2062.848738494623,890,891,109
0.0001,9,10169.55859375,-16.43375015258789,95.0,990,389483.78125,-1.1444091796875e-05,2060.8414497,1048,99,99
0.0001,19,1143.8128662109375,-16.430875778198242,95.0,1980,7626.66259765625,-7.152557373046875e-07,2064.0577967,1147,198,103
0.0001,28,-2.423687696456909,-16.44345474243164,95.0,2970,15.777236938476562,-0.000510096549987793,2067.6932888064516,1246,297,105
0.0001,37,-1026.0931396484375,-16.415058135986328,95.0,3960,5118.68896484375,1.9669532775878906e-06,2072.509447512195,1345,396,105
0.0001,46,-121.79793548583984,-16.40549087524414,95.0,4950,117.60466003417969,-1.8596649169921875e-05,2067.8143769615385,1444,495,107
0.0001,55,5094.59912109375,-16.405763626098633,95.0,5940,122796.5,-1.1920928955078125e-06,2066.750612677419,1543,594,106
0.0001,64,2824.864501953125,-16.39734649658203,95.0,6930,36868.10546875,1.4901161193847656e-06,2066.224048555556,1642,693,107
0.0001,73,25.84442710876465,-16.398935317993164,95.0,7920,11.973089218139648,-8.606910705566406e-05,2065.9470762771084,1741,792,107
0.0001,82,1535.93505859375,-16.353038787841797,95.0,8910,14413.375,-3.5762786865234375e-07,2064.885164666667,1840,891,107
0.0001,8,10018.35546875,-16.381206512451172,95.0,990,389033.46875,-8.344650268554688e-07,2034.4562825,1998,99,111
0.0001,18,1110.723388671875,-16.374650955200195,95.0,1980,7448.82958984375,-1.1920928955078125e-07,2071.2141862500002,2097,198,107
0.0001,27,-1.3359310626983643,-16.37087631225586,95.0,2970,17.74958038330078,-3.9577484130859375e-05,2076.4097977096776,2196,297,108
0.0001,36,-528.8148193359375,-16.277597427368164,95.0,3960,1465.0006103515625,0.0,2083.4153911219514,2295,396,109
0.0001,44,-196.276123046875,-16.284481048583984,95.0,4950,212.31881713867188,-2.9802322387695312e-06,2087.6160270576925,2394,495,110
0.0001,54,5001.095703125,-16.232755661010742,95.0,5940,122864.625,-1.1920928955078125e-07,2088.263472741936,2493,594,109
0.0001,63,2878.473388671875,-16.170495986938477,95.0,6930,36937.8984375,5.364418029785156e-07,2086.8554754444444,2592,693,108
0.0001,73,14.414739608764648,-16.214773178100586,95.0,7920,9.925466537475586,-1.633167266845703e-05,2090.095262313253,2691,792,107
0.0001,83,1438.827880859375,-16.179912567138672,95.0,8910,14241.138671875,-1.1920928955078125e-07,2093.1343004516125,2790,891,107
0.0001,9,9971.5107421875,-16.133785247802734,95.0,990,388299.3125,-4.76837158203125e-07,2025.3056101999998,2948,99,106
0.0001,18,1098.5889892578125,-16.073623657226562,95.0,1980,7407.3056640625,-1.1920928955078125e-07,2059.37923835,3047,198,104
0.0001,27,-11.013383865356445,-16.154504776000977,95.0,2970,17.414270401000977,-1.1920928955078125e-05,2059.369687451613,3146,297,107
0.0001,36,-122.3990707397461,-16.0225887298584,95.0,3960,536.7150268554688,1.1920928955078125e-07,2067.5365102682927,3245,396,107
0.0001,45,-256.7563171386719,-15.9613676071167,95.0,4950,326.0469665527344,-1.1920928955078125e-06,2073.6085825384616,3344,495,108
0.0001,54,4881.0439453125,-15.902788162231445,95.0,5940,122201.9375,-1.1920928955078125e-07,2078.3372318064517,3443,594,108
0.0001,63,2737.35400390625,-15.84179973602295,95.0,6930,36785.68359375,2.980232238769531e-07,2074.8471852499997,3542,693,108
0.0001,73,15.168660163879395,-15.979902267456055,95.0,7920,9.988701820373535,-1.2040138244628906e-05,2070.5641848554214,3641,792,107
0.0001,83,1441.478271484375,-15.905377388000488,95.0,8910,15082.2060546875,0.0,2076.7347876774197,3740,891,107
0.0001,10,9876.2587890625,-16.008434295654297,95.0,990,387672.96875,0.0,2105.6526819,3898,99,98
0.0001,19,1119.235107421875,-15.882593154907227,95.0,1980,7444.99755859375,0.0,2122.85389295,3997,198,103
0.0001,28,-18.712841033935547,-16.097898483276367,95.0,2970,17.091211318969727,-1.0132789611816406e-05,2110.918275354839,4096,297,105
0.0001,36,-1502.345703125,-15.835413932800293,95.0,3960,10266.375,1.7881393432617188e-07,2110.6752294390244,4195,396,107
0.0001,45,-304.37554931640625,-15.80675983428955,95.0,4950,483.06182861328125,-8.344650268554688e-07,2115.4076639038462,4294,495,108
0.0001,55,4900.6611328125,-15.938451766967773,95.0,5940,122500.4765625,5.960464477539063e-08,2109.7083263709674,4393,594,107
0.0001,64,2809.54931640625,-15.868597030639648,95.0,6930,36627.5546875,1.7881393432617188e-07,2116.1705292083334,4492,693,106
0.0001,73,13.96173095703125,-16.091960906982422,95.0,7920,9.334498405456543,-8.225440979003906e-06,2119.2561358192775,4591,792,107
0.0001,82,1388.8193359375,-15.959129333496094,95.0,8910,15017.962890625,-1.1920928955078125e-07,2118.449369731183,4690,891,107
0.0001,9,9862.7763671875,-16.012943267822266,95.0,990,388128.875,0.0,2126.9915447999997,4848,99,102
0.0001,18,1090.0272216796875,-15.854120254516602,95.0,1980,7395.03759765625,-1.1920928955078125e-07,2127.3796282499998,4947,198,105
0.0001,27,-29.133487701416016,-16.1004581451416,95.0,2970,19.288238525390625,-8.58306884765625e-06,2131.3959784516132,5046,297,107
0.0001,36,-234.66513061523438,-15.805898666381836,95.0,3960,1542.617431640625,-1.1920928955078125e-07,2134.97299702439,5145,396,108
0.0001,45,-382.11907958984375,-15.788095474243164,95.0,4950,677.6146240234375,-5.960464477539062e-07,2136.8466557884617,5244,495,109
0.0001,53,5037.31298828125,-15.740257263183594,95.0,5940,121444.921875,-1.1920928955078125e-07,2133.5290605806454,5343,594,110
0.0001,63,2640.72119140625,-15.708142280578613,95.0,6930,36593.67578125,1.7881393432617188e-07,2133.929899777778,5442,693,109
0.0001,72,-2.1015992164611816,-15.919537544250488,95.0,7920,7.179666996002197,-9.775161743164062e-06,2135.2275616385537,5541,792,109
0.0001,81,1405.99072265625,-15.743066787719727,95.0,8910,14857.203125,5.960464477539063e-08,2140.994556505376,5640,891,109
0.0001,8,9900.8935546875,-15.884137153625488,95.0,990,387895.9375,0.0,2171.6006386,5798,99,115
0.0001,17,1059.11083984375,-15.768180847167969,95.0,1980,7367.3125,0.0,2168.94994675,5897,198,112
0.0001,27,-29.87296485900879,-16.11450958251953,95.0,2970,18.02493667602539,-6.67572021484375e-06,2176.0495434516133,5996,297,106
0.0001,38,107.62953186035156,-15.777328491210938,95.0,3960,1154.8358154296875,1.1920928955078125e-07,2177.2264757560974,6095,396,103
0.0001,48,-453.7420959472656,-15.82983684539795,95.0,4950,919.0509643554688,-7.152557373046875e-07,2171.7983136538464,6194,495,102
0.0001,59,4727.3427734375,-15.930671691894531,95.0,5940,121713.7734375,-1.1920928955078125e-07,2173.2562726451606,6293,594,100
0.0001,68,2665.51123046875,-15.738744735717773,95.0,6930,36634.4765625,1.7881393432617188e-07,2180.372809416667,6392,693,101
0.0001,76,1.4001611471176147,-16.052522659301758,95.0,7920,6.439100742340088,-6.079673767089844e-06,2180.1216914698794,6491,792,103
0.0001,85,1395.085205078125,-15.702972412109375,95.0,8910,14770.6201171875,0.0,2180.7723290860217,6590,891,104
0.0001,9,9751.3828125,-15.93494701385498,95.0,990,386488.90625,-1.1920928955078125e-07,2162.7636697,6748,99,106
0.0001,18,1033.8260498046875,-15.523780822753906,95.0,1980,7125.06884765625,1.1920928955078125e-07,2171.2221289500003,6847,198,104
0.0001,27,-27.173492431640625,-16.040523529052734,95.0,2970,16.36925506591797,-6.67572021484375e-06,2171.355500709677,6946,297,107
0.0001,36,-779.0447998046875,-15.5048189163208,95.0,3960,3859.556640625,0.0,2176.595201731707,7045,396,108
0.0001,46,-524.5501098632812,-15.514643669128418,95.0,4950,1160.9163818359375,-4.76837158203125e-07,2178.6296503461535,7144,495,107
0.0001,56,4664.7802734375,-15.591598510742188,95.0,5940,121515.328125,0.0,2181.837295951613,7243,594,105
0.0001,66,2779.84423828125,-15.205777168273926,95.0,6930,36618.6171875,5.960464477539063e-08,2181.5908929027773,7342,693,103
0.0001,78,4.456686973571777,-15.948806762695312,95.0,7920,7.611183166503906,-3.337860107421875e-06,2184.6457600722892,7441,792,101
0.0001,90,1418.9361572265625,-15.434837341308594,95.0,8910,14801.767578125,-1.1920928955078125e-07,2187.3800186344088,7540,891,98
0.0001,12,9650.6767578125,-15.656242370605469,95.0,990,386638.375,0.0,2178.6973248999993,7698,99,80
0.0001,23,1030.341796875,-15.148175239562988,95.0,1980,7373.28515625,0.0,2171.66772585,7797,198,83
0.0001,35,-31.883975982666016,-16.05710792541504,95.0,2970,17.265363693237305,-4.887580871582031e-06,2176.75573983871,7896,297,83
0.0001,47,-759.6966552734375,-15.036041259765625,95.0,3960,3193.793212890625,-2.384185791015625e-07,2183.7757534878046,7995,396,83
0.0001,58,-566.4736938476562,-15.047076225280762,95.0,4950,1447.0853271484375,-3.5762786865234375e-07,2186.6255750769233,8094,495,84
0.0001,70,4618.5673828125,-15.206393241882324,95.0,5940,120984.2265625,0.0,2190.111232919355,8193,594,84
0.0001,81,2727.04638671875,-15.09942626953125,95.0,6930,36872.875,1.7881393432617188e-07,2189.8219600416664,8292,693,85
0.0001,92,-16.482852935791016,-15.7390718460083,95.0,7920,7.1301984786987305,-4.410743713378906e-06,2190.535717891566,8391,792,85
0.0001,103,1361.9327392578125,-15.252347946166992,95.0,8910,14781.2236328125,-1.1920928955078125e-07,2186.121254741936,8490,891,85
0.0001,10,10133.921875,-15.724691390991211,95.0,990,387025.25,0.0,2200.1619838,8648,99,90
0.0001,22,1023.4923706054688,-15.255009651184082,95.0,1980,7172.97802734375,-1.1920928955078125e-07,2190.5360331499996,8747,198,88
0.0001,33,-39.14319610595703,-16.345722198486328,95.0,2970,19.602914810180664,-2.7418136596679688e-06,2196.7199424838714,8846,297,88
0.0001,43,-4.398093223571777,-15.501803398132324,95.0,3960,610.0508422851562,1.7881393432617188e-07,2196.344488658536,8945,396,90
0.0001,54,-653.3719482421875,-15.556402206420898,95.0,4950,1769.712158203125,-5.960464477539062e-07,2201.769247903846,9044,495,90
0.0001,65,4991.18896484375,-15.798294067382812,95.0,5940,120916.0625,-1.1920928955078125e-07,2207.0408399838716,9143,594,90
0.0001,76,2498.99072265625,-15.237635612487793,95.0,6930,36483.6640625,0.0,2206.583561694444,9242,693,90
0.0001,88,-6.028989315032959,-16.168758392333984,95.0,7920,6.299300193786621,-2.6226043701171875e-06,2206.054508674699,9341,792,89
0.0001,99,1325.5999755859375,-15.389358520507812,95.0,8910,14662.9765625,0.0,2202.5507132043012,9440,891,89
0.0001,11,9601.455078125,-16.049861907958984,95.0,990,385480.90625,0.0,2221.3311807,9598,99,89
0.0001,21,1088.15771484375,-15.059976577758789,95.0,1980,7308.4609375,0.0,2215.035425,9697,198,92
0.0001,31,-31.954147338867188,-16.308984756469727,95.0,2970,17.189167022705078,-3.933906555175781e-06,2219.511243354839,9796,297,93
0.0001,42,607.3551635742188,-15.090087890625,95.0,3960,3033.365966796875,-1.1920928955078125e-07,2218.8407562926827,9895,396,92
0.0001,52,-711.8031005859375,-15.259442329406738,95.0,4950,2153.657958984375,0.0,2220.928888576923,9994,495,94
0.0001,62,5000.73388671875,-15.8034086227417,95.0,5940,120529.0625,0.0,2218.275980467742,10093,594,95
0.0001,71,2619.59033203125,-15.258784294128418,95.0,6930,36235.67578125,0.0,2213.5710551527777,10192,693,96
0.0001,81,-17.99302864074707,-16.24909782409668,95.0,7920,6.182455539703369,-3.933906555175781e-06,2216.781445542169,10291,792,97
0.0001,91,1272.996337890625,-14.72704792022705,95.0,8910,14652.857421875,-1.1920928955078125e-07,2218.8321271290324,10390,891,97
0.0001,9,9436.904296875,-15.898872375488281,95.0,990,385235.6875,1.7881393432617188e-07,2237.0984556000003,10548,99,106
0.0001,18,1005.2855224609375,-14.619644165039062,95.0,1980,7204.3212890625,0.0,2222.4534536500005,10647,198,107
0.0001,27,-50.02092742919922,-16.416385650634766,95.0,2970,22.82260513305664,-3.0994415283203125e-06,2227.2398853548384,10746,297,107
0.0001,37,509.8218688964844,-14.624529838562012,95.0,3960,2194.666259765625,0.0,2230.3287796097557,10845,396,106
0.0001,46,-720.7047119140625,-14.612337112426758,95.0,4950,2485.19140625,-1.1920928955078125e-07,2232.192868019231,10944,495,106
0.0001,55,4511.7265625,-15.418413162231445,95.0,5940,120402.4375,-1.1920928955078125e-07,2231.920480096774,11043,594,106
0.0001,65,2636.30029296875,-14.61418342590332,95.0,6930,36352.6015625,0.0,2233.3993485555557,11142,693,106
0.0001,74,-21.548866271972656,-16.146228790283203,95.0,7920,7.908808708190918,-1.6689300537109375e-06,2230.5617767951803,11241,792,106
0.0001,84,1144.8267822265625,-14.342306137084961,95.0,8910,14666.298828125,-1.1920928955078125e-07,2231.882210172043,11340,891,105
0.0001,9,9557.0263671875,-15.126347541809082,95.0,990,385486.6875,1.1920928955078125e-07,2197.8864943999997,11498,99,107
0.0001,19,856.5178833007812,-13.914227485656738,95.0,1980,7199.7421875,1.7881393432617188e-07,2176.0386774999997,11597,198,102
0.0001,29,-43.170021057128906,-16.39729118347168,95.0,2970,19.117786407470703,-2.86102294921875e-06,2185.7569309677424,11696,297,101
0.0001,39,191.1036834716797,-14.160123825073242,95.0,3960,1999.692138671875,1.1920928955078125e-07,2197.1971594390247,11795,396,101
0.0001,49,-655.9286499023438,-13.645034790039062,95.0,4950,2864.46728515625,0.0,2203.4965071153842,11894,495,99
0.0001,59,4172.5498046875,-14.142379760742188,95.0,5940,119905.6484375,-1.1920928955078125e-07,2194.724966209677,11993,594,99
0.0001,69,2278.56103515625,-13.416175842285156,95.0,6930,36464.07421875,0.0,2197.839099236111,12092,693,100
0.0001,78,-26.09122657775879,-15.597930908203125,95.0,7920,7.565135955810547,-2.384185791015625e-06,2196.385831614458,12191,792,101
0.0001,87,1282.3944091796875,-13.711919784545898,95.0,8910,11173.3955078125,0.0,2201.4037414623654,12290,891,101
0.0001,9,8856.9111328125,-15.089195251464844,95.0,990,384647.09375,0.0,2244.1665276,12448,99,102
0.0001,19,997.1502075195312,-13.813478469848633,95.0,1980,7125.2158203125,0.0,2234.1922211499996,12547,198,102
0.0001,28,-51.09626770019531,-16.42752456665039,95.0,2970,22.201122283935547,-2.7418136596679688e-06,2241.9994148064516,12646,297,103
0.0001,37,209.208740234375,-14.456303596496582,95.0,3960,2018.530029296875,0.0,2241.8585241707315,12745,396,105
0.0001,47,-777.1918334960938,-13.8343505859375,95.0,4950,3266.574951171875,2.384185791015625e-07,2245.251748423077,12844,495,105
0.0001,56,4482.73681640625,-14.876653671264648,95.0,5940,120120.8125,0.0,2245.9514927258065,12943,594,105
0.0001,65,2319.2734375,-13.788655281066895,95.0,6930,36277.9453125,5.960464477539063e-08,2245.304680597222,13042,693,105
0.0001,74,-29.317707061767578,-15.717569351196289,95.0,7920,9.47654914855957,-2.0265579223632812e-06,2240.808628710843,13141,792,106
0.0001,84,1127.908203125,-13.585138320922852,95.0,8910,14693.638671875,0.0,2238.990376741935,13240,891,106
0.0001,9,9293.9619140625,-15.028735160827637,95.0,990,384959.84375,1.1920928955078125e-07,2235.348838,13398,99,106
0.0001,18,871.1414794921875,-13.071001052856445,95.0,1980,7108.5712890625,-1.1920928955078125e-07,2193.99873485,13497,198,108
0.0001,27,-51.9068603515625,-16.2159481048584,95.0,2970,24.023914337158203,-2.0265579223632812e-06,2176.9405463225808,13596,297,108
0.0001,36,-956.5364990234375,-13.148344039916992,95.0,3960,5795.54345703125,0.0,2181.2880589512197,13695,396,109
0.0001,45,-733.0183715820312,-13.36548900604248,95.0,4950,3678.42333984375,0.0,2166.4962469999996,13794,495,109
0.0001,54,4419.6279296875,-14.011738777160645,95.0,5940,119776.25,-1.1920928955078125e-07,2167.0373028225813,13893,594,109
0.0001,63,2351.61474609375,-13.319043159484863,95.0,6930,36291.60546875,5.960464477539063e-08,2171.470380291667,13992,693,109
0.0001,72,-24.748849868774414,-15.748052597045898,95.0,7920,7.837439060211182,-7.152557373046875e-07,2173.077401626506,14091,792,109
0.0001,82,1178.815673828125,-13.209123611450195,95.0,8910,13679.951171875,0.0,2177.965455526882,14190,891,108
0.0001,9,8483.111328125,-14.299680709838867,95.0,990,384012.9375,1.1920928955078125e-07,2217.3134027,14348,99,104
0.0001,18,833.4019775390625,-12.917028427124023,95.0,1980,7111.0048828125,-1.1920928955078125e-07,2169.36106515,14447,198,105
0.0001,27,-61.58695602416992,-16.082372665405273,95.0,2970,27.500537872314453,-1.7881393432617188e-06,2156.8916864193548,14546,297,106
0.0001,37,317.19305419921875,-13.225103378295898,95.0,3960,2410.557861328125,0.0,2165.8945921951217,14645,396,106
0.0001,46,-833.32373046875,-13.032862663269043,95.0,4950,4116.6416015625,0.0,2171.59257325,14744,495,106
0.0001,55,3929.014892578125,-13.551065444946289,95.0,5940,119397.3359375,0.0,2180.4455768225803,14843,594,107
0.0001,64,2238.91943359375,-12.971506118774414,95.0,6930,36361.61328125,0.0,2176.113288527778,14942,693,107
0.0001,73,-26.655170440673828,-15.629406929016113,95.0,7920,8.334702491760254,1.7881393432617188e-07,2181.044432674699,15041,792,107
0.0001,81,1068.003173828125,-12.8832426071167,95.0,8910,14510.84375,0.0,2179.8531491075273,15140,891,108
0.0001,8,9850.8115234375,-15.028274536132812,95.0,990,384473.1875,0.0,2213.0887336,15298,99,111
0.0001,18,777.5442504882812,-12.833257675170898,95.0,1980,7013.82666015625,-2.384185791015625e-07,2199.1381410500003,15397,198,109
0.0001,27,-69.1675796508789,-16.23023223876953,95.0,2970,30.98696517944336,-1.5497207641601562e-06,2201.6922048709675,15496,297,108
0.0001,36,415.05718994140625,-13.541544914245605,95.0,3960,2700.81640625,0.0,2212.4114609756093,15595,396,109
0.0001,45,-813.7203369140625,-13.158561706542969,95.0,4950,4562.33056640625,0.0,2225.062622576923,15694,495,109
0.0001,55,4609.44384765625,-15.276636123657227,95.0,5940,119369.0625,-1.1920928955078125e-07,2228.864606612903,15793,594,106
0.0001,64,2268.64453125,-13.1543607711792,95.0,6930,35800.69140625,5.960464477539063e-08,2233.984115,15892,693,106
0.0001,74,-27.035961151123047,-16.343231201171875,95.0,7920,8.402502059936523,4.172325134277344e-07,2238.796067072289,15991,792,106
0.0001,83,1164.9521484375,-13.278501510620117,95.0,8910,14298.173828125,-1.1920928955078125e-07,2240.586946645161,16090,891,107
0.0001,9,9974.9921875,-16.301603317260742,95.0,990,384443.9375,1.1920928955078125e-07,2254.6524516,16248,99,109
0.0001,18,810.5838012695312,-13.371296882629395,95.0,1980,6704.4208984375,0.0,2259.8100069,16347,198,108
0.0001,27,-50.504920959472656,-16.23203468322754,95.0,2970,22.184185028076172,-9.5367431640625e-07,2261.9234962258065,16446,297,106
0.0001,37,393.1778259277344,-14.105868339538574,95.0,3960,1964.603759765625,0.0,2263.687777292683,16545,396,106
0.0001,46,-940.0900268554688,-13.668907165527344,95.0,4950,5233.2021484375,-4.76837158203125e-07,2260.9276831730767,16644,495,107
0.0001,55,4999.92138671875,-15.936213493347168,95.0,5940,120265.3125,-1.1920928955078125e-07,2259.4151182419355,16743,594,107
0.0001,64,2185.07763671875,-13.393608093261719,95.0,6930,35597.69140625,0.0,2257.6639835416663,16842,693,107
0.0001,73,-31.268115997314453,-16.25758934020996,95.0,7920,9.126914978027344,-9.5367431640625e-07,2255.8798493855425,16941,792,107
0.0001,83,1236.2686767578125,-14.369418144226074,95.0,8910,13957.357421875,-1.1920928955078125e-07,2253.397886021505,17040,891,107
0.0001,8,9882.669921875,-16.217222213745117,95.0,990,384704.53125,-1.1920928955078125e-07,2265.1088519,17198,99,112
0.0001,17,790.5870971679688,-14.024324417114258,95.0,1980,6479.9638671875,0.0,2255.5167003500005,17297,198,113
0.0001,26,-38.4632453918457,-15.686193466186523,95.0,2970,20.039323806762695,-1.1920928955078125e-06,2254.082053935484,17396,297,111
0.0001,35,-24.611248016357422,-14.998446464538574,95.0,3960,593.075439453125,0.0,2251.6927225121954,17495,396,110
0.0001,44,-1043.3228759765625,-13.57280445098877,95.0,4950,5840.7158203125,-8.344650268554688e-07,2246.6426424615383,17594,495,111
0.0001,53,5105.7158203125,-16.01787757873535,95.0,5940,119679.796875,0.0,2245.96325783871,17693,594,111
0.0001,62,2294.8896484375,-13.891639709472656,95.0,6930,34570.6015625,0.0,2243.2368383194444,17792,693,111
0.0001,70,-29.100210189819336,-16.29703712463379,95.0,7920,8.681766510009766,-2.1457672119140625e-06,2243.9804804457835,17891,792,111
0.0001,79,1121.659423828125,-13.459561347961426,95.0,8910,13868.8720703125,0.0,2245.268992096774,17990,891,111
0.0001,9,9641.767578125,-15.290185928344727,95.0,990,384540.0,0.0,2254.0081533,18148,99,109
0.0001,17,821.0045166015625,-12.608389854431152,95.0,1980,6914.67431640625,0.0,2249.7805565,18247,198,111
0.0001,26,-45.272010803222656,-16.272085189819336,95.0,2970,21.541034698486328,-1.9073486328125e-06,2247.8395648064516,18346,297,110
0.0001,35,564.1441650390625,-13.162325859069824,95.0,3960,3846.18359375,0.0,2253.9486283658534,18445,396,110
0.0001,44,-1081.882080078125,-12.916418075561523,95.0,4950,6342.56005859375,-2.384185791015625e-07,2256.338339134615,18544,495,110
0.0001,53,5013.47705078125,-16.079708099365234,95.0,5940,119841.6640625,-1.1920928955078125e-07,2257.3311665806445,18643,594,111
0.0001,62,2185.0166015625,-13.021499633789062,95.0,6930,35450.6953125,0.0,2258.045435041667,18742,693,110
0.0001,70,-33.18524932861328,-16.270092010498047,95.0,7920,9.404447555541992,3.5762786865234375e-07,2258.9942023373487,18841,792,111
0.0001,79,1162.388671875,-14.079716682434082,95.0,8910,13861.830078125,-1.1920928955078125e-07,2257.5421779569892,18940,891,111
0.0001,8,9748.58203125,-16.246654510498047,95.0,990,384909.78125,2.980232238769531e-07,2266.3950688,19098,99,111
0.0001,18,857.8511962890625,-13.39923095703125,95.0,1980,6471.478515625,-2.384185791015625e-07,2263.38405295,19197,198,106
0.0001,27,-53.19702911376953,-15.832130432128906,95.0,2970,23.281147003173828,-1.6689300537109375e-06,2256.524195193548,19296,297,107
0.0001,36,651.8278198242188,-14.644124031066895,95.0,3960,3836.016357421875,1.1920928955078125e-07,2258.2678154390246,19395,396,107
0.0001,45,-1021.8493041992188,-12.883931159973145,95.0,4950,6847.04541015625,1.1920928955078125e-07,2259.4173921153842,19494,495,108
0.0001,54,4990.337890625,-15.681037902832031,95.0,5940,119679.0859375,1.7881393432617188e-07,2258.8672662419353,19593,594,109
0.0001,63,2325.361328125,-13.281254768371582,95.0,6930,34871.38671875,0.0,2257.2291474583335,19692,693,109
0.0001,72,-33.698890686035156,-16.271526336669922,95.0,7920,9.735655784606934,-3.2186508178710938e-06,2257.572208915662,19791,792,109
0.0001,81,1251.906494140625,-14.391347885131836,95.0,8910,13995.7529296875,0.0,2256.4883148817207,19890,891,109
0.0001,8,9528.3359375,-15.801190376281738,95.0,990,384558.71875,1.7881393432617188e-07,2172.7255136,20048,99,112
0.0001,17,944.3365478515625,-15.458027839660645,95.0,1980,6483.9169921875,0.0,2162.5059742999997,20147,198,110
0.0001,26,-52.91437530517578,-15.519296646118164,95.0,2970,24.151424407958984,-1.1920928955078125e-06,2184.9236753548385,20246,297,110
0.0001,35,-1389.292724609375,-16.02225685119629,95.0,3960,8514.740234375,5.960464477539063e-08,2191.3766253170734,20345,396,110
0.0001,44,-1143.5987548828125,-13.539262771606445,95.0,4950,7645.8779296875,-2.384185791015625e-07,2198.093294442307,20444,495,111
0.0001,52,4797.5830078125,-16.13314437866211,95.0,5940,120143.1484375,0.0,2202.769997451613,20543,594,112
0.0001,61,2353.912109375,-13.775324821472168,95.0,6930,34926.1640625,-1.1920928955078125e-07,2205.937757388889,20642,693,112
0.0001,70,-36.231163024902344,-15.874974250793457,95.0,7920,10.702973365783691,-8.344650268554688e-07,2209.0188070843374,20741,792,112
0.0001,79,1220.29248046875,-14.164024353027344,95.0,8910,13743.265625,0.0,2214.30501483871,20840,891,112
0.0001,8,9577.689453125,-15.686515808105469,95.0,990,384614.9375,-2.384185791015625e-07,2184.6117573,20998,99,111
0.0001,17,970.3638916015625,-14.959628105163574,95.0,1980,6554.79833984375,0.0,2193.1593062499996,21097,198,111
0.0001,26,-63.87492752075195,-15.384076118469238,95.0,2970,26.30255126953125,-1.6689300537109375e-06,2205.3513277741936,21196,297,112
0.0001,35,486.5967712402344,-15.258811950683594,95.0,3960,2599.98388671875,0.0,2212.771340195122,21295,396,112
0.0001,43,-1307.6163330078125,-13.797006607055664,95.0,4950,8333.8798828125,0.0,2215.6349905192305,21394,495,113
0.0001,52,4805.5693359375,-16.082271575927734,95.0,5940,120095.640625,-1.1920928955078125e-07,2217.7045351612906,21493,594,113
0.0001,61,2598.543212890625,-14.925241470336914,95.0,6930,34122.22265625,0.0,2218.9806792916665,21592,693,113
0.0001,69,-27.789196014404297,-15.41283130645752,95.0,7920,8.660356521606445,1.1920928955078125e-07,2219.0406669879517,21691,792,113
0.0001,78,1416.301513671875,-15.338287353515625,95.0,8910,13953.888671875,-1.1920928955078125e-07,2222.5347838387097,21790,891,114
0.0001,9,9796.474609375,-15.944038391113281,95.0,990,384283.0,1.1920928955078125e-07,2234.8536219000002,21948,99,106
0.0001,18,982.5460815429688,-15.187408447265625,95.0,1980,6452.0400390625,0.0,2235.9161112,22047,198,107
0.0001,28,-51.553733825683594,-15.101419448852539,95.0,2970,23.862361907958984,-1.3113021850585938e-06,2238.642667032258,22146,297,105
0.0001,37,515.162109375,-15.561442375183105,95.0,3960,2539.27880859375,0.0,2236.189948731708,22245,396,105
0.0001,46,-1244.1728515625,-13.665722846984863,95.0,4950,9067.2548828125,-4.76837158203125e-07,2233.199819365385,22344,495,106
0.0001,55,4839.736328125,-16.061134338378906,95.0,5940,119503.3359375,0.0,2224.942935080646,22443,594,106
0.0001,64,2521.85791015625,-14.45606803894043,95.0,6930,34499.421875,5.960464477539063e-08,2225.211673902778,22542,693,107
0.0001,74,-34.76591491699219,-15.539118766784668,95.0,7920,10.02446174621582,-2.1457672119140625e-06,2225.239565385542,22641,792,106
0.0001,84,1304.5750732421875,-15.163317680358887,95.0,8910,13879.333984375,-1.1920928955078125e-07,2222.467827139785,22740,891,105
0.0001,9,9225.1044921875,-15.6502685546875,95.0,990,384137.9375,0.0,2235.904928,22898,99,99
0.0001,19,877.51171875,-14.113716125488281,95.0,1980,6346.43896484375,0.0,2233.8491437999996,22997,198,99
0.0001,29,-56.907936096191406,-15.261953353881836,95.0,2970,26.2073974609375,-3.5762786865234375e-07,2242.0260902903224,23096,297,99
0.0001,39,544.7606201171875,-13.249003410339355,95.0,3960,3733.112548828125,-1.1920928955078125e-07,2246.0287410487804,23195,396,99
0.0001,48,-1227.044677734375,-12.320891380310059,95.0,4950,9619.7314453125,-4.76837158203125e-07,2251.408475192308,23294,495,101
0.0001,57,4867.31640625,-16.10204315185547,95.0,5940,119118.4609375,-1.1920928955078125e-07,2254.731743064516,23393,594,103
0.0001,66,2250.205078125,-12.174653053283691,95.0,6930,34799.2421875,5.960464477539063e-08,2257.1019579027775,23492,693,104
0.0001,75,-50.77600860595703,-15.472970962524414,95.0,7920,14.249658584594727,1.1920928955078125e-07,2259.229479060241,23591,792,105
0.0001,84,1314.421630859375,-14.783409118652344,95.0,8910,13524.2470703125,-1.1920928955078125e-07,2259.71435172043,23690,891,105
0.0001,9,9948.9873046875,-15.677556991577148,95.0,990,383398.84375,-1.1920928955078125e-07,2217.7257842999998,23848,99,108
0.0001,18,865.9407348632812,-13.379890441894531,95.0,1980,6322.7373046875,0.0,2239.1897304000004,23947,198,109
0.0001,26,-55.592689514160156,-14.765617370605469,95.0,2970,25.31325912475586,-1.6689300537109375e-06,2238.302372354839,24046,297,110
0.0001,35,152.91163635253906,-12.926823616027832,95.0,3960,1243.0511474609375,0.0,2246.8431938536587,24145,396,111
0.0001,44,-1093.19140625,-12.092180252075195,95.0,4950,10244.583984375,-5.960464477539062e-07,2250.771538211539,24244,495,110
0.0001,53,4974.02099609375,-16.05423355102539,95.0,5940,118959.890625,0.0,2253.8424651129035,24343,594,110
0.0001,62,2142.72119140625,-12.378838539123535,95.0,6930,34611.02734375,-1.1920928955078125e-07,2255.6775391666665,24442,693,110
0.0001,71,-45.241764068603516,-15.216484069824219,95.0,7920,13.045547485351562,2.980232238769531e-07,2257.235702108434,24541,792,110
0.0001,80,1066.710205078125,-13.832127571105957,95.0,8910,13501.4326171875,0.0,2257.120444827957,24640,891,110
0.0001,8,10118.1328125,-15.782587051391602,95.0,990,382660.34375,-2.384185791015625e-07,2254.5175274000003,24798,99,115
0.0001,17,732.5438232421875,-12.753870964050293,95.0,1980,6166.150390625,0.0,2256.09297855,24897,198,110
0.0001,26,-42.89815139770508,-14.508748054504395,95.0,2970,22.79667854309082,-2.384185791015625e-07,2254.6103216774195,24996,297,110
0.0001,35,640.3121337890625,-14.63537311553955,95.0,3960,3726.763671875,-1.1920928955078125e-07,2254.3195828048783,25095,396,110
0.0001,44,-1280.2618408203125,-12.493711471557617,95.0,4950,11196.97265625,-9.5367431640625e-07,2253.1198115961533,25194,495,110
0.0001,53,4919.65869140625,-15.633196830749512,95.0,5940,118681.0234375,5.960464477539063e-08,2252.1190867258065,25293,594,110
0.0001,63,2047.1998291015625,-12.068601608276367,95.0,6930,34381.0078125,-1.1920928955078125e-07,2254.9427173333333,25392,693,109
0.0001,71,-49.77782440185547,-15.937681198120117,95.0,7920,15.152809143066406,5.960464477539062e-07,2257.301766987952,25491,792,110
0.0001,80,943.3118286132812,-12.553715705871582,95.0,8910,13447.169921875,0.0,2257.369478924731,25590,891,110
0.0001,8,9428.9599609375,-15.958086013793945,95.0,990,383095.0625,5.960464477539063e-08,2269.2858322999996,25748,99,114
0.0001,17,857.4874267578125,-11.712974548339844,95.0,1980,6369.5634765625,-2.384185791015625e-07,2270.56927575,25847,198,114
0.0001,26,-73.64863586425781,-15.348321914672852,95.0,2970,32.34751892089844,4.76837158203125e-07,2269.9978796774194,25946,297,112
0.0001,34,602.9017333984375,-13.443036079406738,95.0,3960,3664.95068359375,0.0,2266.859969780488,26045,396,113
0.0001,43,-1402.50390625,-12.590590476989746,95.0,4950,12021.0869140625,0.0,2261.2216073269233,26144,495,112
0.0001,52,4890.8173828125,-15.769246101379395,95.0,5940,118975.7734375,-1.1920928955078125e-07,2259.4045035806453,26243,594,112
0.0001,61,2218.548583984375,-13.214849472045898,95.0,6930,34143.4609375,1.7881393432617188e-07,2257.937582277778,26342,693,112
0.0001,70,-41.94927215576172,-15.231124877929688,95.0,7920,13.037076950073242,8.344650268554688e-07,2252.3448548674696,26441,792,112
0.0001,79,1164.589111328125,-13.289141654968262,95.0,8910,13440.625,0.0,2251.5932837096775,26540,891,112
0.0001,9,10006.6923828125,-15.665860176086426,95.0,990,382911.4375,0.0,2262.9520882999996,26698,99,105
0.0001,18,831.5093994140625,-12.905430793762207,95.0,1980,6313.8515625,-1.1920928955078125e-07,2258.6109595,26797,198,104
0.0001,28,-55.10795211791992,-14.613568305969238,95.0,2970,27.796611785888672,-1.7881393432617188e-06,2249.3274475483877,26896,297,105
0.0001,37,-1027.6064453125,-15.329089164733887,95.0,3960,5696.95703125,1.7881393432617188e-07,2245.8547790487805,26995,396,106
0.0001,46,-1524.9163818359375,-12.859151840209961,95.0,4950,12955.8359375,-1.1920928955078125e-07,2240.3512623653846,27094,495,106
0.0001,55,4726.24853515625,-15.807004928588867,95.0,5940,118950.4609375,0.0,2243.46078167742,27193,594,106
0.0001,65,2057.9296875,-13.115117073059082,95.0,6930,33876.28515625,-1.1920928955078125e-07,2241.947786902778,27292,693,106
0.0001,74,-50.79174041748047,-15.31861400604248,95.0,7920,16.104427337646484,1.3709068298339844e-06,2242.2264180963853,27391,792,106
0.0001,82,1184.4248046875,-12.790116310119629,95.0,8910,13440.435546875,5.960464477539063e-08,2245.16649655914,27490,891,107
0.0001,8,9274.9619140625,-15.756006240844727,95.0,990,382735.4375,-1.1920928955078125e-07,2258.9159531,27648,99,110
0.0001,18,707.1749877929688,-12.279047012329102,95.0,1980,6336.1826171875,-1.1920928955078125e-07,2264.53469985,27747,198,109
0.0001,26,-71.18513488769531,-15.221386909484863,95.0,2970,32.279335021972656,-1.430511474609375e-06,2266.603909322581,27846,297,110
0.0001,35,466.31805419921875,-13.253979682922363,95.0,3960,2581.36572265625,1.1920928955078125e-07,2265.889410341463,27945,396,110
0.0001,45,-1385.380615234375,-11.807947158813477,95.0,4950,13507.484375,-1.3113021850585938e-06,2266.5073076346152,28044,495,109
0.0001,53,3859.28955078125,-13.741246223449707,95.0,5940,117974.0390625,-1.1920928955078125e-07,2265.464232129032,28143,594,110
0.0001,63,1920.737548828125,-11.513916015625,95.0,6930,34557.7421875,-1.1920928955078125e-07,2266.839518333333,28242,693,109
0.0001,71,-60.31754684448242,-15.704780578613281,95.0,7920,20.567419052124023,1.7285346984863281e-06,2266.7460725783135,28341,792,110
0.0001,80,905.0135498046875,-11.405959129333496,95.0,8910,13570.2216796875,-1.1920928955078125e-07,2266.7793384408606,28440,891,110
0.0001,9,9688.025390625,-15.859288215637207,95.0,990,382471.40625,0.0,2268.8792163,28598,99,106
0.0001,17,614.1744384765625,-10.490084648132324,95.0,1980,6615.09375,0.0,2271.8078905,28697,198,110
0.0001,27,-62.42767333984375,-14.702250480651855,95.0,2970,32.73157501220703,3.5762786865234375e-07,2273.0279592258057,28796,297,109
0.0001,36,465.5264587402344,-10.709108352661133,95.0,3960,3515.74658203125,-1.1920928955078125e-07,2272.2015661951223,28895,396,109
0.0001,44,-1335.5362548828125,-10.63081169128418,95.0,4950,14134.6015625,0.0,2271.050674788462,28994,495,110
0.0001,53,4377.5751953125,-14.183682441711426,95.0,5940,116919.359375,-1.1920928955078125e-07,2270.9847405483874,29093,594,110
0.0001,62,1744.401123046875,-10.842058181762695,95.0,6930,34739.890625,0.0,2271.810980708333,29192,693,111
0.0001,71,-52.80841827392578,-15.329602241516113,95.0,7920,17.748523712158203,-2.384185791015625e-07,2272.279588674699,29291,792,111
0.0001,79,751.69189453125,-10.983095169067383,95.0,8910,13512.146484375,1.7881393432617188e-07,2272.266403139785,29390,891,111
0.0001,8,9658.7880859375,-15.71217155456543,95.0,990,381386.65625,-4.76837158203125e-07,2276.396331,29548,99,111
0.0001,17,663.1016235351562,-10.762258529663086,95.0,1980,6136.7138671875,0.0,2275.8049837999997,29647,198,112
0.0001,26,-71.01504516601562,-15.118841171264648,95.0,2970,36.550384521484375,-1.1920928955078125e-06,2275.592333129032,29746,297,111
0.0001,35,626.0592651367188,-12.752687454223633,95.0,3960,3554.177734375,0.0,2274.277322097561,29845,396,111
0.0001,44,-1220.1539306640625,-10.526885986328125,95.0,4950,14964.884765625,0.0,2273.919593846154,29944,495,112
0.0001,52,4897.8408203125,-15.411476135253906,95.0,5940,117692.9765625,0.0,2273.1267287419355,30043,594,112
0.0001,61,1671.6845703125,-10.955854415893555,95.0,6930,34271.6640625,-1.1920928955078125e-07,2271.558290013889,30142,693,112
0.0001,70,-79.30876922607422,-15.7154541015625,95.0,7920,29.566375732421875,3.635883331298828e-06,2270.986032939759,30241,792,112
0.0001,79,1116.818359375,-10.43329906463623,95.0,8910,12789.580078125,-1.1920928955078125e-07,2269.813042344086,30340,891,112
0.0001,8,9103.0986328125,-15.553296089172363,95.0,990,381079.40625,0.0,2233.1210925,30498,99,111
0.0001,17,667.998046875,-10.495275497436523,95.0,1980,6427.5380859375,-1.1920928955078125e-07,2252.80783475,30597,198,111
0.0001,26,-73.5128402709961,-15.24988079071045,95.0,2970,34.848934173583984,8.940696716308594e-07,2258.805768967742,30696,297,110
0.0001,35,39.104286193847656,-10.626869201660156,95.0,3960,1119.1124267578125,0.0,2252.24029797561,30795,396,110
0.0001,44,-1272.8026123046875,-10.606443405151367,95.0,4950,15755.349609375,-2.384185791015625e-07,2250.5631564807695,30894,495,110
0.0001,53,3801.09375,-12.841560363769531,95.0,5940,116793.6875,-3.5762786865234375e-07,2250.7243148225807,30993,594,111
0.0001,62,1659.0570068359375,-10.557062149047852,95.0,6930,34753.94140625,0.0,2252.231335958333,31092,693,110
0.0001,71,-65.67381286621094,-15.730459213256836,95.0,7920,23.966949462890625,1.6093254089355469e-06,2254.1613160722895,31191,792,110
0.0001,80,872.0302734375,-10.929323196411133,95.0,8910,13576.896484375,5.960464477539063e-08,2256.604041236559,31290,891,110
0.0001,8,9490.8515625,-14.77348804473877,95.0,990,380400.6875,-2.384185791015625e-07,2248.3059246,31448,99,112
0.0001,17,748.9725952148438,-11.055503845214844,95.0,1980,6399.41064453125,0.0,2255.66123065,31547,198,110
0.0001,26,-74.3513412475586,-15.115704536437988,95.0,2970,38.72821807861328,-2.384185791015625e-06,2263.069880032258,31646,297,112
0.0001,35,443.1766662597656,-10.244906425476074,95.0,3960,3542.99365234375,-1.1920928955078125e-07,2261.1262909024395,31745,396,111
0.0001,44,-1597.420166015625,-9.944604873657227,95.0,4950,16639.185546875,1.1920928955078125e-07,2262.196054423077,31844,495,112
0.0001,53,4125.93359375,-12.220673561096191,95.0,5940,116841.5,-1.1920928955078125e-07,2263.90529483871,31943,594,110
0.0001,63,1684.1998291015625,-9.652399063110352,95.0,6930,34565.06640625,0.0,2263.4191512638886,32042,693,109
0.0001,72,-64.22358703613281,-15.700338363647461,95.0,7920,23.501432418823242,5.960464477539062e-07,2262.882859108434,32141,792,109
0.0001,82,718.3043212890625,-9.218297958374023,95.0,8910,11603.4794921875,1.7881393432617188e-07,2253.2685245913976,32240,891,108
0.0001,8,8134.63037109375,-12.073040962219238,95.0,990,379157.78125,0.0,2100.1454802,32398,99,114
0.0001,17,602.9857177734375,-9.126543998718262,95.0,1980,6516.1787109375,-1.1920928955078125e-07,2083.5777190000003,32497,198,111
0.0001,26,-106.83018493652344,-15.620771408081055,95.0,2970,58.03083038330078,-4.76837158203125e-07,2055.317052225807,32596,297,111
0.0001,35,119.59342193603516,-9.254743576049805,95.0,3960,1559.7376708984375,-1.1920928955078125e-07,2063.3610915609756,32695,396,111
0.0001,44,-1218.1614990234375,-9.04292106628418,95.0,4950,17278.90625,0.0,2073.8398297115386,32794,495,111
0.0001,53,2996.77490234375,-10.195377349853516,95.0,5940,116549.3984375,0.0,2081.423847564516,32893,594,110
0.0001,62,1704.07421875,-9.070840835571289,95.0,6930,34482.44140625,-1.1920928955078125e-07,2072.7598728055555,32992,693,110
0.0001,71,-78.14979553222656,-13.462348937988281,95.0,7920,43.03986358642578,2.5033950805664062e-06,2068.6808141927713,33091,792,110
0.0001,81,750.6828002929688,-9.29841423034668,95.0,8910,13536.458984375,5.960464477539063e-08,2066.2431591397853,33190,891,109
0.0001,8,6504.24853515625,-10.621721267700195,95.0,990,378908.46875,0.0,2104.4801736,33348,99,111
0.0001,18,523.6885375976562,-8.83643627166748,95.0,1980,6485.87841796875,0.0,2071.0476588,33447,198,108
0.0001,27,-99.95823669433594,-15.16679859161377,95.0,2970,60.307762145996094,1.0728836059570312e-06,2044.156409935484,33546,297,108
0.0001,36,-1184.708251953125,-8.496973991394043,95.0,3960,20306.09765625,0.0,2023.073625146341,33645,396,108
0.0001,45,-1164.982177734375,-8.596757888793945,95.0,4950,17934.43359375,-1.1920928955078125e-07,2012.8473123461538,33744,495,107
0.0001,56,2599.4326171875,-9.615743637084961,95.0,5940,116449.828125,0.0,2026.842650193548,33843,594,105
0.0001,66,1691.4566650390625,-8.557225227355957,95.0,6930,34800.90234375,0.0,2040.5324950000004,33942,693,103
0.0001,76,-69.93115997314453,-10.545463562011719,95.0,7920,52.66179656982422,2.384185791015625e-06,2036.4604297228914,34041,792,103
0.0001,86,738.7960205078125,-8.541498184204102,95.0,8910,11657.6865234375,1.1920928955078125e-07,2028.151441688172,34140,891,103
0.0001,9,8715.5029296875,-13.665708541870117,95.0,990,378779.375,0.0,2135.4342193999996,34298,99,103
0.0001,19,617.020263671875,-8.772445678710938,95.0,1980,6407.94873046875,0.0,2163.89718765,34397,198,101
0.0001,28,-92.58967590332031,-15.327397346496582,95.0,2970,49.457847595214844,-2.384185791015625e-07,2178.805057741936,34496,297,104
0.0001,38,-312.1735534667969,-8.749846458435059,95.0,3960,2017.873046875,0.0,2190.050561829268,34595,396,102
0.0001,48,-1066.5330810546875,-8.633119583129883,95.0,4950,18708.849609375,0.0,2186.437911,34694,495,102
0.0001,57,3580.432861328125,-11.284196853637695,95.0,5940,116186.9375,-1.1920928955078125e-07,2177.8790540806453,34793,594,103
0.0001,66,1293.6802978515625,-8.72410774230957,95.0,6930,34730.39453125,0.0,2183.227598708333,34892,693,104
0.0001,75,-86.55732727050781,-13.590065002441406,95.0,7920,43.239768981933594,1.7285346984863281e-06,2179.5916634939763,34991,792,105
0.0001,84,691.112548828125,-8.458341598510742,95.0,8910,12829.748046875,0.0,2176.2349597311822,35090,891,105
0.0001,9,7486.52490234375,-11.998041152954102,95.0,990,378739.15625,1.1920928955078125e-07,2147.1447064999998,35248,99,108
0.0001,18,472.2869567871094,-8.291081428527832,95.0,1980,6447.29833984375,0.0,2194.15094975,35347,198,107
0.0001,26,-89.2232666015625,-15.544807434082031,95.0,2970,48.77009963989258,1.4901161193847656e-06,2195.962785,35446,297,110
0.0001,36,-258.19366455078125,-7.734899044036865,95.0,3960,2198.300048828125,5.960464477539063e-08,2200.838383487805,35545,396,109
0.0001,44,-1178.974853515625,-7.694616794586182,95.0,4950,19499.478515625,0.0,2198.4954743653843,35644,495,110
0.0001,54,2972.22900390625,-9.719400405883789,95.0,5940,115852.0,-1.1920928955078125e-07,2198.872415129032,35743,594,109
0.0001,63,1170.0223388671875,-7.648651123046875,95.0,6930,34666.3671875,5.960464477539063e-08,2207.3228660555556,35842,693,109
0.0001,72,-91.91387939453125,-13.722747802734375,95.0,7920,49.942134857177734,2.5033950805664062e-06,2203.7057375783133,35941,792,109
0.0001,81,612.4739379882812,-7.511700630187988,95.0,8910,11832.80859375,0.0,2196.149294150538,36040,891,109
0.0001,9,7556.3408203125,-11.958351135253906,95.0,990,378138.9375,1.7881393432617188e-07,2160.9373551,36198,99,109
0.0001,17,538.9854736328125,-7.7342023849487305,95.0,1980,6494.4716796875,0.0,2167.7571626,36297,198,111
0.0001,26,-110.81636047363281,-15.660476684570312,95.0,2970,56.02216720581055,5.960464477539063e-08,2166.6147997096773,36396,297,111
0.0001,35,263.19342041015625,-7.887347221374512,95.0,3960,3467.04931640625,-1.1920928955078125e-07,2174.839860219512,36495,396,111
0.0001,44,-1222.836181640625,-7.638059139251709,95.0,4950,20284.87890625,-1.1920928955078125e-07,2163.654593057692,36594,495,110
0.0001,53,3369.88037109375,-8.636438369750977,95.0,5940,115891.8984375,0.0,2152.2074588709675,36693,594,110
0.0001,62,1465.890380859375,-7.610337734222412,95.0,6930,34590.3984375,0.0,2153.5233276944446,36792,693,110
0.0001,71,-90.87789154052734,-14.271692276000977,95.0,7920,45.853004455566406,2.6226043701171875e-06,2141.9477612771084,36891,792,110
0.0001,80,529.818115234375,-7.740063667297363,95.0,8910,11565.857421875,0.0,2141.135265569893,36990,891,110
0.0001,9,7067.4912109375,-10.544393539428711,95.0,990,378067.40625,0.0,2094.2558954,37148,99,107
0.0001,17,559.2071533203125,-7.495330810546875,95.0,1980,6490.7314453125,0.0,2088.90815725,37247,198,110
0.0001,27,-119.9112548828125,-15.587389945983887,95.0,2970,70.9406509399414,1.3709068298339844e-06,2053.869502064516,37346,297,109
0.0001,36,-546.1340942382812,-7.736619472503662,95.0,3960,8566.8154296875,5.960464477539063e-08,2031.3838276585366,37445,396,109
0.0001,45,-935.1202392578125,-7.720326900482178,95.0,4950,21061.421875,2.384185791015625e-07,2047.6754983846154,37544,495,109
0.0001,54,3066.12255859375,-9.274677276611328,95.0,5940,115639.625,-1.1920928955078125e-07,2073.0019475806453,37643,594,109
0.0001,63,1461.6300048828125,-7.9558916091918945,95.0,6930,34545.20703125,0.0,2083.0111926111113,37742,693,109
0.0001,72,-92.74270629882812,-15.351058959960938,95.0,7920,41.438167572021484,2.6226043701171875e-06,2096.9120179879515,37841,792,109
0.0001,80,788.5836181640625,-8.056574821472168,95.0,8910,12662.2939453125,-1.1920928955078125e-07,2113.0223690215057,37940,891,110
0.0001,8,9383.279296875,-15.680391311645508,95.0,990,379778.21875,0.0,2248.4650989,38098,99,110
0.0001,18,520.9203491210938,-7.735968589782715,95.0,1980,6320.8662109375,0.0,2252.15599785,38197,198,108
0.0001,28,-98.58495330810547,-14.880514144897461,95.0,2970,54.4866943359375,-1.1920928955078125e-07,2255.819252677419,38296,297,105
0.0001,36,277.387451171875,-7.640423774719238,95.0,3960,3323.95068359375,1.1920928955078125e-07,2261.305370219512,38395,396,108
0.0001,45,-1008.8712768554688,-7.376611232757568,95.0,4950,21855.75390625,1.1920928955078125e-07,2243.4272447115386,38494,495,109
0.0001,54,2485.88232421875,-9.080926895141602,95.0,5940,115365.9765625,-2.384185791015625e-07,2238.3423977096772,38593,594,109
0.0001,63,1102.514892578125,-7.178009986877441,95.0,6930,34354.078125,0.0,2237.4730669305554,38692,693,109
0.0001,71,-102.56246185302734,-13.736318588256836,95.0,7920,58.70664596557617,2.384185791015625e-06,2230.66799686747,38791,792,110
0.0001,81,546.8944091796875,-7.015573024749756,95.0,8910,10769.314453125,0.0,2202.661693344086,38890,891,109
0.0001,8,6174.369140625,-10.338691711425781,95.0,990,377244.0625,0.0,1978.0442449000002,39048,99,113
0.0001,17,540.616455078125,-7.0192670822143555,95.0,1980,6461.00244140625,0.0,2028.3597409000001,39147,198,111
0.0001,26,-126.3270263671875,-15.862104415893555,95.0,2970,78.46054077148438,2.205371856689453e-06,2053.1909391612903,39246,297,112
0.0001,35,-803.77783203125,-6.801451683044434,95.0,3960,18456.7578125,0.0,2001.8074040243903,39345,396,112
0.0001,44,-1195.143798828125,-6.907495975494385,95.0,4950,22649.30078125,-1.1920928955078125e-07,1955.0023297884613,39444,495,112
0.0001,53,2104.02587890625,-7.295583248138428,95.0,5940,115807.140625,0.0,1933.8319495322578,39543,594,111
0.0001,61,1392.01123046875,-6.853148460388184,95.0,6930,34353.875,0.0,1916.2120575694441,39642,693,112
0.0001,70,-85.465576171875,-11.509143829345703,95.0,7920,71.02662658691406,0.0,1909.294742746988,39741,792,112
0.0001,79,383.6903991699219,-6.633653163909912,95.0,8910,9396.056640625,0.0,1898.3758942473114,39840,891,112
0.0001,8,5493.29833984375,-9.789406776428223,95.0,990,376956.5625,0.0,1943.7385821,39998,99,115
0.0001,17,469.75946044921875,-6.740781307220459,95.0,1980,6404.7353515625,1.1920928955078125e-07,2027.8167364500005,40097,198,116
0.0001,26,-99.25334167480469,-15.19111442565918,95.0,2970,56.65815353393555,-1.1920928955078125e-07,2068.155022354839,40196,297,113
0.0001,34,280.23016357421875,-6.986570835113525,95.0,3960,2931.14404296875,0.0,2093.106884512195,40295,396,113
0.0001,43,-872.185546875,-6.993598937988281,95.0,4950,23385.0546875,0.0,2111.031469557692,40394,495,112
0.0001,52,2642.94482421875,-7.481147766113281,95.0,5940,115607.2109375,0.0,2118.5562057096777,40493,594,112
0.0001,61,1127.1246337890625,-6.713845252990723,95.0,6930,34351.27734375,5.960464477539063e-08,2094.550385319444,40592,693,112
0.0001,70,-105.6041259765625,-14.213147163391113,95.0,7920,61.33099365234375,2.4437904357910156e-06,2087.55310473494,40691,792,112
0.0001,79,514.8901977539062,-6.63607120513916,95.0,8910,6643.40625,0.0,2085.5396883655912,40790,891,111
0.0001,8,5256.6689453125,-8.220637321472168,95.0,990,377059.625,2.980232238769531e-07,1949.2536948000002,40948,99,111
0.0001,18,374.42547607421875,-6.486352443695068,95.0,1980,6418.20947265625,0.0,2019.5559468,41047,198,109
0.0001,27,-114.35420227050781,-15.603004455566406,95.0,2970,69.47749328613281,1.9073486328125e-06,2060.2893667741937,41146,297,109
0.0001,35,-2390.565673828125,-6.427959442138672,95.0,3960,121489.7734375,0.0,2036.3295319756098,41245,396,110
0.0001,45,-950.5145263671875,-6.2979230880737305,95.0,4950,24087.3828125,0.0,1984.4137371346153,41344,495,109
0.0001,54,1837.74609375,-6.540264129638672,95.0,5940,115333.4765625,5.960464477539063e-08,1953.8130914838707,41443,594,108
0.0001,64,1169.0611572265625,-6.080821990966797,95.0,6930,34370.2890625,0.0,1925.5438817638892,41542,693,107
0.0001,74,-95.45878601074219,-11.429536819458008,95.0,7920,71.65082550048828,1.6093254089355469e-06,1889.554588253012,41641,792,106
0.0001,83,460.4178771972656,-5.988468647003174,95.0,8910,9324.4384765625,0.0,1886.0982621397848,41740,891,106
0.0001,8,5040.466796875,-8.870882987976074,95.0,990,376757.3125,0.0,1891.538285,41898,99,110
0.0001,18,254.28689575195312,-5.762411594390869,95.0,1980,6383.5888671875,0.0,1995.35171195,41997,198,109
0.0001,27,-120.8689193725586,-15.700505256652832,95.0,2970,72.73685455322266,1.2516975402832031e-06,1992.8834041290322,42096,297,109
0.0001,35,-1465.4541015625,-5.665245532989502,95.0,3960,67196.796875,0.0,1984.4307309512192,42195,396,110
0.0001,45,-673.708984375,-5.599308013916016,95.0,4950,24854.623046875,1.1920928955078125e-07,1999.1076767500003,42294,495,109
0.0001,53,1330.847412109375,-5.8426008224487305,95.0,5940,115267.0,0.0,1997.5026187096776,42393,594,110
0.0001,62,1078.54931640625,-5.324196815490723,95.0,6930,34311.26953125,0.0,1993.163658708333,42492,693,110
0.0001,71,-102.4466552734375,-12.155329704284668,95.0,7920,75.13758850097656,1.6093254089355469e-06,1947.8253911445784,42591,792,110
0.0001,80,465.1512756347656,-5.207184791564941,95.0,8910,9255.8525390625,0.0,1934.5355002365598,42690,891,110
0.0001,10,5388.58447265625,-7.664839744567871,95.0,990,376135.9375,-3.5762786865234375e-07,1762.201493,42848,99,94
0.0001,19,398.35980224609375,-5.067074775695801,95.0,1980,6375.671875,0.0,1897.25578055,42947,198,100
0.0001,28,-95.16767120361328,-14.947111129760742,95.0,2970,57.88298797607422,-1.1920928955078125e-07,2001.5830192580643,43046,297,103
0.0001,37,308.4820556640625,-5.079030513763428,95.0,3960,3300.770751953125,0.0,2051.9241689512196,43145,396,105
0.0001,46,-837.6212768554688,-5.0770134925842285,95.0,4950,25639.859375,1.1920928955078125e-07,2041.8085413653846,43244,495,106
0.0001,55,1843.6968994140625,-5.240525245666504,95.0,5940,115228.640625,0.0,2029.2913280483872,43343,594,106
0.0001,64,532.1912841796875,-5.086529731750488,95.0,6930,34149.9609375,0.0,2012.663538638889,43442,693,107
0.0001,73,-102.84144592285156,-13.448405265808105,95.0,7920,60.16016387939453,2.4437904357910156e-06,2015.9756230481928,43541,792,107
0.0001,82,452.4393005371094,-5.115145206451416,95.0,8910,11071.1806640625,0.0,2031.7009769032254,43640,891,107
0.0001,8,5115.326171875,-8.692333221435547,95.0,990,376144.5625,0.0,2117.6733982,43798,99,112
0.0001,17,284.3282775878906,-4.983292102813721,95.0,1980,6307.81982421875,-1.1920928955078125e-07,2145.9917938,43897,198,110
0.0001,26,-139.43682861328125,-15.319746017456055,95.0,2970,94.8073959350586,7.748603820800781e-07,2092.8218881612906,43996,297,111
0.0001,36,140.68563842773438,-5.127659320831299,95.0,3960,1999.180419921875,5.960464477539063e-08,2092.205044902439,44095,396,109
0.0001,45,-842.0001220703125,-5.2664794921875,95.0,4950,26507.072265625,-8.344650268554688e-07,2128.419408,44194,495,109
0.0001,53,2109.7041015625,-7.124736785888672,95.0,5940,114787.203125,0.0,2148.5516589999997,44293,594,110
0.0001,62,968.7574462890625,-5.065117835998535,95.0,6930,34096.0625,2.384185791015625e-07,2166.5051344166664,44392,693,110
0.0001,71,-87.20668029785156,-15.461076736450195,95.0,7920,42.785919189453125,0.0,2181.3843138674697,44491,792,110
0.0001,80,405.91461181640625,-5.123995304107666,95.0,8910,12829.310546875,1.7881393432617188e-07,2191.294724591398,44590,891,110
0.0001,9,9732.271484375,-15.077425956726074,95.0,990,377975.90625,0.0,2279.6807994,44748,99,108
0.0001,18,406.7264099121094,-5.252354621887207,95.0,1980,6315.2470703125,0.0,2279.9242464999998,44847,198,106
0.0001,27,-105.2225341796875,-14.503236770629883,95.0,2970,65.6554183959961,1.1920928955078125e-06,2271.255146451613,44946,297,108
0.0001,37,344.48944091796875,-5.186237335205078,95.0,3960,3196.91357421875,2.980232238769531e-07,2246.2567789756094,45045,396,106
0.0001,46,-1113.836181640625,-5.180161476135254,95.0,4950,27591.30859375,-1.1920928955078125e-07,2231.4748359999994,45144,495,105
0.0001,55,1527.215576171875,-6.068702220916748,95.0,5940,114430.796875,5.960464477539063e-08,2233.744204016129,45243,594,106
0.0001,64,1097.0313720703125,-5.178733825683594,95.0,6930,34158.078125,-1.1920928955078125e-07,2233.8893920694445,45342,693,106
0.0001,73,-114.06297302246094,-12.230749130249023,95.0,7920,81.8116683959961,1.4901161193847656e-06,2216.9242024819273,45441,792,107
0.0001,82,481.339599609375,-5.293112754821777,95.0,8910,9186.103515625,0.0,2205.9458123548384,45540,891,107
0.0001,8,4039.460205078125,-5.93084192276001,95.0,990,376010.5,2.980232238769531e-07,1827.8879205,45698,99,110
0.0001,17,319.7867431640625,-5.3122382164001465,95.0,1980,6301.79443359375,-1.1920928955078125e-07,1752.6960766,45797,198,110
0.0001,26,-147.40774536132812,-14.977523803710938,95.0,2970,110.55316162109375,2.086162567138672e-06,1690.0509486774192,45896,297,111
0.0001,37,-1420.8240966796875,-5.351278305053711,95.0,3960,103930.65625,-1.1920928955078125e-07,1650.1163017317074,45995,396,106
0.0001,46,-931.5921630859375,-5.263524055480957,95.0,4950,28292.396484375,0.0,1684.4283658461536,46094,495,107
0.0001,56,1096.98779296875,-5.307736396789551,95.0,5940,114830.953125,-1.1920928955078125e-07,1687.8017518064514,46193,594,105
0.0001,65,769.4139404296875,-5.309701919555664,95.0,6930,34075.83984375,0.0,1702.4535019305556,46292,693,105
0.0001,74,-60.34111404418945,-6.627725124359131,95.0,7920,97.17374420166016,3.814697265625e-06,1693.7564580240971,46391,792,105
0.0001,83,513.8592529296875,-5.599496364593506,95.0,8910,11279.1806640625,0.0,1674.2997699032262,46490,891,106
0.0001,9,3138.571533203125,-6.285634517669678,95.0,990,376025.28125,2.980232238769531e-07,1681.5574214,46648,99,99
0.0001,19,411.2799377441406,-5.678753852844238,95.0,1980,6257.0146484375,-1.1920928955078125e-07,1640.9969719,46747,198,100
0.0001,29,-136.70623779296875,-15.5726957321167,95.0,2970,93.86510467529297,4.76837158203125e-07,1670.5098464838713,46846,297,101
0.0001,38,-2426.1953125,-5.5983476638793945,95.0,3960,117134.078125,0.0,1637.2572911707316,46945,396,103
0.0001,47,-856.5071411132812,-5.504940986633301,95.0,4950,28841.927734375,-2.384185791015625e-07,1640.5323547115388,47044,495,105
0.0001,55,1777.1400146484375,-5.728703498840332,95.0,5940,114607.046875,-1.1920928955078125e-07,1629.1469057096774,47143,594,106
0.0001,64,703.2430419921875,-5.551819801330566,95.0,6930,34076.0546875,1.7881393432617188e-07,1639.4153391944446,47242,693,106
0.0001,74,-89.85820007324219,-8.966064453125,95.0,7920,96.87592315673828,2.384185791015625e-06,1627.1466959036145,47341,792,106
0.0001,83,365.55010986328125,-5.57589054107666,95.0,8910,10146.0478515625,0.0,1653.2766578387098,47440,891,106
0.0001,9,4354.3154296875,-7.946124076843262,95.0,990,375338.09375,-1.1920928955078125e-07,1922.8536663999998,47598,99,108
0.0001,18,365.81243896484375,-5.4133405685424805,95.0,1980,6247.54052734375,0.0,2014.9236086999997,47697,198,104
